category,title,author,published_date,detail_url,download_url,page_no,year,source,crawled_at
정책브리프,"동물실험 대체 전환기, 오가노이드 현황과 시사점 - 주요국 정책 및 국가연구개발사업을 중심으로 -","KISTEP 바이오혁신전략팀 심현아 부연구위원, 윤희정 팀장",2026-06-08,https://www.kistep.re.kr/board.es?mid=a10306010000&bid=0031&b_list=10&act=view&list_no=94746&nPage=1&keyField=&orderby=,https://www.kistep.re.kr/boardDownload.es?bid=0031&list_no=94746&seq=1,1,2026,KISTEP,2026-06-11 14:54:08.745961
이슈페이퍼,특허 네트워크로 살펴본 글로벌 인공지능 기술 경쟁의 지형 -USPTO 등록특허를 중심으로-,KISTEP 혁신정보분석센터 한웅용 연구위원,2026-05-27,https://www.kistep.re.kr/board.es?mid=a10306010000&bid=0031&b_list=10&act=view&list_no=94731&nPage=1&keyField=&orderby=,https://www.kistep.re.kr/boardDownload.es?bid=0031&list_no=94731&seq=1,1,2026,KISTEP,2026-06-11 14:54:08.745961
통계브리프,세계지식재산기구 혁신역량전망 2026 분석,KISTEP 혁신정보분석센터 김선정 전문관리원,2026-05-08,https://www.kistep.re.kr/board.es?mid=a10306010000&bid=0031&b_list=10&act=view&list_no=94697&nPage=1&keyField=&orderby=,https://www.kistep.re.kr/boardDownload.es?bid=0031&list_no=94697&seq=1,1,2026,KISTEP,2026-06-11 14:54:08.745961
정책브리프,일본 「제7기 과학기술·혁신 기본계획」 주요 내용 및 시사점,"KISTEP 정책협력팀 이새롬 부연구위원, 김민재 선임전문관리원, 배용국 팀장",2026-04-20,https://www.kistep.re.kr/board.es?mid=a10306010000&bid=0031&b_list=10&act=view&list_no=94676&nPage=1&keyField=&orderby=,https://www.kistep.re.kr/boardDownload.es?bid=0031&list_no=94676&seq=1,1,2026,KISTEP,2026-06-11 14:54:08.745961
정책브리프,중국 제15차 5개년 계획의 산업체계 및 과학기술 혁신 분야 주요 내용과 시사점,KISTEP 혁신전략기획센터 전부기 부연구위원,2026-04-08,https://www.kistep.re.kr/board.es?mid=a10306010000&bid=0031&b_list=10&act=view&list_no=94660&nPage=1&keyField=&orderby=,https://www.kistep.re.kr/boardDownload.es?bid=0031&list_no=94660&seq=1,1,2026,KISTEP,2026-06-11 14:54:08.745961
정책브리프,주요국의 국제공동연구 성과물 관리 제도 현황 및 시사점,"KISTEP 글로벌과학기술협력센터 신승현 연구원, 허정 부연구위원",2026-03-31,https://www.kistep.re.kr/board.es?mid=a10306010000&bid=0031&b_list=10&act=view&list_no=94647&nPage=1&keyField=&orderby=,https://www.kistep.re.kr/boardDownload.es?bid=0031&list_no=94647&seq=1,1,2026,KISTEP,2026-06-11 14:54:08.745961
미래예측브리프,건강 사회 실현을 위한 10대 미래유망기술,"KISTEP 기술예측센터 지수영 선임전문관리원, 신동평 센터장",2026-03-24,https://www.kistep.re.kr/board.es?mid=a10306010000&bid=0031&b_list=10&act=view&list_no=94603&nPage=1&keyField=&orderby=,https://www.kistep.re.kr/boardDownload.es?bid=0031&list_no=94603&seq=1,1,2026,KISTEP,2026-06-11 14:54:08.745961
기술동향브리프,미(美) AI 전략 '제네시스 미션' 첫 협력국 일본: 한국의 참여 전략,"KISTEP 글로벌과학기술협력센터 이해림 선임전문관리원, 도계훈 연구위원",2026-03-16,https://www.kistep.re.kr/board.es?mid=a10306010000&bid=0031&b_list=10&act=view&list_no=94578&nPage=1&keyField=&orderby=,https://www.kistep.re.kr/boardDownload.es?bid=0031&list_no=94578&seq=1,1,2026,KISTEP,2026-06-11 14:54:08.745961
미래예측브리프,AI 반도체의 미래와 전환점,"KISTEP 연구개발예산정책센터 정의진 연구위원, 신동평 기술예측센터장, 손석호 글로벌기술전략본부장",2026-03-13,https://www.kistep.re.kr/board.es?mid=a10306010000&bid=0031&b_list=10&act=view&list_no=94576&nPage=1&keyField=&orderby=,https://www.kistep.re.kr/boardDownload.es?bid=0031&list_no=94576&seq=1,1,2026,KISTEP,2026-06-11 14:54:08.745961
통계브리프,국가 R&D 바이오 분야 집행 현황 분석,"KISTEP 바이오혁신전략팀 이민준 부연구위원, 윤희정 팀장",2026-03-09,https://www.kistep.re.kr/board.es?mid=a10306010000&bid=0031&b_list=10&act=view&list_no=94561&nPage=1&keyField=&orderby=,https://www.kistep.re.kr/boardDownload.es?bid=0031&list_no=94561&seq=1,1,2026,KISTEP,2026-06-11 14:54:08.745961
이슈페이퍼,공기업의 기술사업화 촉진을 위한 공공첨단기술지주회사 적용방안 검토,"KISTEP 투자전략총괄센터 이길우 선임연구위원, 과학기술사업화진흥원 김태현 연구성과활용본부장, 한국기술지주사협회 이지훈 사무총장",2026-02-20,https://www.kistep.re.kr/board.es?mid=a10306010000&bid=0031&b_list=10&act=view&list_no=94549&nPage=2&keyField=&orderby=,https://www.kistep.re.kr/boardDownload.es?bid=0031&list_no=94549&seq=1,2,2026,KISTEP,2026-06-11 14:54:08.745961
이슈페이퍼,"KISTEP Think 2026, 9대 과학기술혁신 아젠다","KISTEP 황지호 부원장, 전략기획센터 이경재 선임연구위원, 최대승 연구위원, 김다은 연구원, 송수용 연구원",2026-01-13,https://www.kistep.re.kr/board.es?mid=a10306010000&bid=0031&b_list=10&act=view&list_no=94498&nPage=2&keyField=&orderby=,https://www.kistep.re.kr/boardDownload.es?bid=0031&list_no=94498&seq=1,2,2026,KISTEP,2026-06-11 14:54:08.745961
이슈페이퍼,채용공고 기반의 AI 산업 인재 수요 분석,"KISTEP 인재정책센터 조민옥 연구원, 김수정 연구원",2025-12-30,https://www.kistep.re.kr/board.es?mid=a10306010000&bid=0031&b_list=10&act=view&list_no=94492&nPage=2&keyField=&orderby=,https://www.kistep.re.kr/boardDownload.es?bid=0031&list_no=94492&seq=1,2,2025,KISTEP,2026-06-11 14:54:08.745961
기술동향브리프,"바이오 新경제,  합성생물학의 연구혁신 현황과 향후 과제",KISTEP 생명기초사업센터 홍기현 부연구위원,2025-12-24,https://www.kistep.re.kr/board.es?mid=a10306010000&bid=0031&b_list=10&act=view&list_no=94481&nPage=2&keyField=&orderby=,https://www.kistep.re.kr/boardDownload.es?bid=0031&list_no=94481&seq=1,2,2025,KISTEP,2026-06-11 14:54:08.745961
이슈페이퍼,정부의 기업 R&D 지원 효과의 국제비교 분석 및 시사점,"KISTEP R&D예산정책센터 윤수진 연구위원, 손영주 부연구위원",2025-12-23,https://www.kistep.re.kr/board.es?mid=a10306010000&bid=0031&b_list=10&act=view&list_no=94478&nPage=2&keyField=&orderby=,https://www.kistep.re.kr/boardDownload.es?bid=0031&list_no=94478&seq=1,2,2025,KISTEP,2026-06-11 14:54:08.745961
이슈페이퍼,R&D 성과평가 및 예산 연계를 강화한 해외 사례 분석 및 시사점,"KISTEP 사업조정전략센터 성민규 부연구위원, 홍미영 센터장",2025-12-22,https://www.kistep.re.kr/board.es?mid=a10306010000&bid=0031&b_list=10&act=view&list_no=94461&nPage=2&keyField=&orderby=,https://www.kistep.re.kr/boardDownload.es?bid=0031&list_no=94461&seq=1,2,2025,KISTEP,2026-06-11 14:54:08.745961
이슈페이퍼,"수소경제 활성화 로드맵 6년, 경과와 전망",KISTEP 재정투자분석본부 김선재 연구위원,2025-12-16,https://www.kistep.re.kr/board.es?mid=a10306010000&bid=0031&b_list=10&act=view&list_no=94458&nPage=2&keyField=&orderby=,https://www.kistep.re.kr/boardDownload.es?bid=0031&list_no=94458&seq=1,2,2025,KISTEP,2026-06-11 14:54:08.745961
정책브리프,OECD STI Outlook 2025 : 격변하는 환경에서 과학기술혁신정책이 나아갈 방향,"KISTEP 과학기술정책센터 정여진 연구원, 송원아 부연구위원",2025-11-12,https://www.kistep.re.kr/board.es?mid=a10306010000&bid=0031&b_list=10&act=view&list_no=94407&nPage=2&keyField=&orderby=,https://www.kistep.re.kr/boardDownload.es?bid=0031&list_no=94407&seq=1,2,2025,KISTEP,2026-06-11 14:54:08.745961
정책브리프,주요국 의료 AI 규제 체계 현황과 전략,"KISTEP 바이오혁신전략팀 심현아 부연구위원, 윤희정 팀장",2025-11-11,https://www.kistep.re.kr/board.es?mid=a10306010000&bid=0031&b_list=10&act=view&list_no=94406&nPage=2&keyField=&orderby=,https://www.kistep.re.kr/boardDownload.es?bid=0031&list_no=94406&seq=1,2,2025,KISTEP,2026-06-11 14:54:08.745961
정책브리프,중국 바이오제약의 부상과 우리의 대응 전략,KISTEP 바이오혁신전략팀 윤희정 팀장,2025-10-15,https://www.kistep.re.kr/board.es?mid=a10306010000&bid=0031&b_list=10&act=view&list_no=94379&nPage=2&keyField=&orderby=,https://www.kistep.re.kr/boardDownload.es?bid=0031&list_no=94379&seq=1,2,2025,KISTEP,2026-06-11 14:54:08.745961
이슈페이퍼,R&D투자 효율성 제고를 위한 대형 연구개발시설 관리체계 개선방안,"KISTEP 예비타당성조사1센터 안상진 센터장, 예비타당성조사2센터 정정규 센터장, 재정투자분석본부 강현규 본부장",2025-09-24,https://www.kistep.re.kr/board.es?mid=a10306010000&bid=0031&b_list=10&act=view&list_no=94362&nPage=3&keyField=&orderby=,https://www.kistep.re.kr/boardDownload.es?bid=0031&list_no=94362&seq=1,3,2025,KISTEP,2026-06-11 14:54:08.745961
기술동향브리프,과불화화합물(PFAS)  규제 동향 및 대응 전략,KISTEP 성장동력사업센터 조나현 부연구위원,2025-09-01,https://www.kistep.re.kr/board.es?mid=a10306010000&bid=0031&b_list=10&act=view&list_no=94323&nPage=3&keyField=&orderby=,https://www.kistep.re.kr/boardDownload.es?bid=0031&list_no=94323&seq=1,3,2025,KISTEP,2026-06-11 14:54:08.745961
이슈페이퍼,AI 기반 농업 육성을 위한 정부R&D 지원 전략,"KISTEP 생명기초사업센터 박지현 센터장, 인재경영실 김주원 실장",2025-09-01,https://www.kistep.re.kr/board.es?mid=a10306010000&bid=0031&b_list=10&act=view&list_no=94321&nPage=3&keyField=&orderby=,https://www.kistep.re.kr/boardDownload.es?bid=0031&list_no=94321&seq=1,3,2025,KISTEP,2026-06-11 14:54:08.745961
정책브리프,"불확실성 시대, 유연하고 기민한 과학기술혁신 정책: OECD 논의와 시사점",KISTEP 글로벌R&D혁신센터 이재민 연구위원,2025-08-21,https://www.kistep.re.kr/board.es?mid=a10306010000&bid=0031&b_list=10&act=view&list_no=94306&nPage=3&keyField=&orderby=,https://www.kistep.re.kr/boardDownload.es?bid=0031&list_no=94306&seq=1,3,2025,KISTEP,2026-06-11 14:54:08.745961
이슈페이퍼,국내 거주 외국인 연구자의 성장과 정착을 위한 과제와 정책제언,"KISTEP 인재정책센터 김인자 연구위원, 김경민 연구원",2025-08-06,https://www.kistep.re.kr/board.es?mid=a10306010000&bid=0031&b_list=10&act=view&list_no=94296&nPage=3&keyField=&orderby=,https://www.kistep.re.kr/boardDownload.es?bid=0031&list_no=94296&seq=1,3,2025,KISTEP,2026-06-11 14:54:08.745961
통계브리프,2025년 IMD 세계경쟁력 분석,KISTEP 혁신정보분석센터 송화연 센터장,2025-07-14,https://www.kistep.re.kr/board.es?mid=a10306010000&bid=0031&b_list=10&act=view&list_no=94273&nPage=3&keyField=&orderby=,https://www.kistep.re.kr/boardDownload.es?bid=0031&list_no=94273&seq=1,3,2025,KISTEP,2026-06-11 14:54:08.745961
통계브리프,주요국의 연구개발과 혁신 동향 - AAAS 최근 자료 기반 분석 -,KISTEP 혁신정보분석센터 김선정 전문관리원,2025-07-02,https://www.kistep.re.kr/board.es?mid=a10306010000&bid=0031&b_list=10&act=view&list_no=94266&nPage=3&keyField=&orderby=,https://www.kistep.re.kr/boardDownload.es?bid=0031&list_no=94266&seq=1,3,2025,KISTEP,2026-06-11 14:54:08.745961
통계브리프,OECD MSTI 2025-March 주요 내용 및 기업 연구개발비 분석 결과,KISTEP 혁신정보분석센터 정유진 부연구위원,2025-06-24,https://www.kistep.re.kr/board.es?mid=a10306010000&bid=0031&b_list=10&act=view&list_no=94252&nPage=3&keyField=&orderby=,https://www.kistep.re.kr/boardDownload.es?bid=0031&list_no=94252&seq=1,3,2025,KISTEP,2026-06-11 14:54:08.745961
기술주권 브리프,수소경제 달성을 위한 수소 운송·저장 기술주권 확보 전략,"KISTEP 전략기술정책센터 김기봉 연구위원, 오세미 부연구위원, 강지혜 연구원",2025-06-24,https://www.kistep.re.kr/board.es?mid=a10306010000&bid=0031&b_list=10&act=view&list_no=94251&nPage=3&keyField=&orderby=,https://www.kistep.re.kr/boardDownload.es?bid=0031&list_no=94251&seq=1,3,2025,KISTEP,2026-06-11 14:54:08.745961
정책브리프,미국의 산업혁신정책 변화와 우리나라 혁신전략 시사점,KISTEP 글로벌R&D협력센터 강진원 연구위원,2025-06-12,https://www.kistep.re.kr/board.es?mid=a10306010000&bid=0031&b_list=10&act=view&list_no=94244&nPage=3&keyField=&orderby=,https://www.kistep.re.kr/boardDownload.es?bid=0031&list_no=94244&seq=1,3,2025,KISTEP,2026-06-11 14:54:08.745961
